<resources>
  <attr format="color" name="md_background_color"/>
  <attr format="color" name="md_color_title"/>
  <attr format="color" name="md_color_content"/>
  <attr format="color" name="md_color_hint"/>
  <attr format="color" name="md_ripple_color"/>
  <attr format="color" name="md_color_button_text"/>
  <attr format="color" name="md_color_widget"/>
  <attr format="color" name="md_color_widget_unchecked"/>
  <attr format="dimension" name="md_corner_radius"/>
  <attr format="reference" name="md_font_title"/>
  <attr format="reference" name="md_font_body"/>
  <attr format="reference" name="md_font_button"/>
  <attr format="float" name="md_line_spacing_body"/>
  <attr format="enum" name="md_button_casing">
    <enum name="upper" value="1"/>
    <enum name="literal" value="2"/>
  </attr>
</resources>
